Pred,State,MeanDecreaseAccuracy,MeanDecreaseGini
Temperature.F.,CA,0.083958142,0.135165986
Humidity...,CA,0.080970345,0.120556332
Pressure.in.,CA,0.086771364,0.175796859
Visibility.mi.,CA,0.058936631,0.042060535
Wind_Direction,CA,0.045169125,0.107906449
Wind_Speed.mph.,CA,0.042326485,0.13759974
Precipitation.in.,CA,0.046366172,0.015189726
Weather_Condition,CA,0.060149235,0.144761307
Amenity,CA,0.024660525,0.003673803
Bump,CA,0.00930592,0.000248879
Crossing,CA,0.045731321,0.013133128
Give_Way,CA,0.012025257,0.000565778
Junction,CA,0.061583152,0.016875105
No_Exit,CA,0.005618665,0.000688147
Railway,CA,0.06098746,0.008978059
Roundabout,CA,0.00147769,1.43E-05
Station,CA,0.042305703,0.007079181
Stop,CA,0.060770677,0.013891983
Traffic_Calming,CA,0.00738183,0.000287086
Traffic_Signal,CA,0.092084009,0.037133788
Turning_Loop,CA,0,0
Sunrise_Sunset,CA,0.071420292,0.018393783
Temperature.F.1,TX,0.086682475,0.122235848
Humidity...1,TX,0.067867354,0.109684872
Pressure.in.1,TX,0.090128376,0.143745052
Visibility.mi.1,TX,0.071369949,0.043243404
Wind_Direction1,TX,0.069591273,0.075773774
Wind_Speed.mph.1,TX,0.055805959,0.080735841
Precipitation.in.1,TX,0.049917028,0.020374042
Weather_Condition1,TX,0.067729537,0.059928603
Amenity1,TX,0.026639981,0.013543459
Bump1,TX,0.006104895,7.09E-05
Crossing1,TX,0.028117472,0.036922381
Give_Way1,TX,0.035728897,0.012611215
Junction1,TX,0.111807783,0.057171151
No_Exit1,TX,0.002818258,0.000613363
Railway1,TX,0.013679691,0.002373915
Roundabout1,TX,0.011924172,0.000155033
Station1,TX,0.015435375,0.00865014
Stop1,TX,0.054023855,0.03197482
Traffic_Calming1,TX,0.003829421,0.00030627
Traffic_Signal1,TX,0.063156468,0.165365486
Turning_Loop1,TX,0,0
Sunrise_Sunset1,TX,0.067641781,0.014520383
Temperature.F.2,FL,0.093579667,0.125372054
Humidity...2,FL,0.09750061,0.116607652
Pressure.in.2,FL,0.092626789,0.130205021
Visibility.mi.2,FL,0.063676842,0.03181137
Wind_Direction2,FL,0.067436143,0.09826687
Wind_Speed.mph.2,FL,0.065701878,0.105995524
Precipitation.in.2,FL,0.050503948,0.027076325
Weather_Condition2,FL,0.070024986,0.116581631
Amenity2,FL,0.011308961,0.002438419
Bump2,FL,0.00159318,8.20E-06
Crossing2,FL,0.063321729,0.065969734
Give_Way2,FL,0.001235953,0.000754852
Junction2,FL,0.050102078,0.01326169
No_Exit2,FL,0.015070429,0.00155027
Railway2,FL,-0.002003107,0.001310502
Roundabout2,FL,0.005927077,0.000132276
Station2,FL,0.054509462,0.028632931
Stop2,FL,0.015364113,0.002634671
Traffic_Calming2,FL,0.000367908,0.000220675
Traffic_Signal2,FL,0.102637001,0.111729468
Turning_Loop2,FL,0,0
Sunrise_Sunset2,FL,0.079514352,0.019439861
Temperature.F.3,SC,0.097486911,0.117119603
Humidity...3,SC,0.095454656,0.10066657
Pressure.in.3,SC,0.081876957,0.154579268
Visibility.mi.3,SC,0.059115661,0.039449269
Wind_Direction3,SC,0.070944617,0.069150917
Wind_Speed.mph.3,SC,0.062208138,0.08311674
Precipitation.in.3,SC,0.057567462,0.026833285
Weather_Condition3,SC,0.083411847,0.084221879
Amenity3,SC,0.010021368,0.002183097
Bump3,SC,0,1.41E-06
Crossing3,SC,0.039951304,0.031426068
Give_Way3,SC,-0.001431896,9.85E-05
Junction3,SC,0.147131268,0.145339224
No_Exit3,SC,-0.005404273,1.70E-05
Railway3,SC,-0.015362043,0.003703974
Roundabout3,SC,0,1.45E-05
Station3,SC,0.011792639,0.001614255
Stop3,SC,0.049855232,0.016328129
Traffic_Calming3,SC,0,4.71E-06
Traffic_Signal3,SC,0.081978724,0.107379041
Turning_Loop3,SC,0,0
Sunrise_Sunset3,SC,0.073401428,0.016752608
Temperature.F.4,NC,0.102429893,0.125836497
Humidity...4,NC,0.102381214,0.106377226
Pressure.in.4,NC,0.12659399,0.165507416
Visibility.mi.4,NC,0.074824364,0.039034712
Wind_Direction4,NC,0.087595411,0.082152679
Wind_Speed.mph.4,NC,0.076462823,0.081018079
Precipitation.in.4,NC,0.073413748,0.03611836
Weather_Condition4,NC,0.087260493,0.059341429
Amenity4,NC,0.015337009,0.004960945
Bump4,NC,0.001339111,6.77E-05
Crossing4,NC,0.00095181,0.056436263
Give_Way4,NC,0.007146649,0.001936503
Junction4,NC,0.042749172,0.034295874
No_Exit4,NC,0.007348833,0.000608139
Railway4,NC,-0.002997615,0.002147258
Roundabout4,NC,0.002998939,2.21E-05
Station4,NC,0.022886459,0.012731037
Stop4,NC,0.040008794,0.007213405
Traffic_Calming4,NC,-0.004100096,0.000190179
Traffic_Signal4,NC,0.06445267,0.166809511
Turning_Loop4,NC,0,0
Sunrise_Sunset4,NC,0.07091633,0.017194671
Temperature.F.11,NY,0.090511143,0.166058061
Humidity...11,NY,0.087951213,0.145542753
Pressure.in.11,NY,0.094301665,0.182221295
Visibility.mi.11,NY,0.066150536,0.048315849
Wind_Direction11,NY,0.070858047,0.106017698
Wind_Speed.mph.11,NY,0.065304668,0.118384801
Precipitation.in.11,NY,0.052855532,0.028109062
Weather_Condition11,NY,0.071960343,0.083842362
Amenity11,NY,0.029593752,0.008309975
Bump11,NY,0.003608791,6.41E-05
Crossing11,NY,0.02260611,0.010651797
Give_Way11,NY,0.017038177,0.002445745
Junction11,NY,0.051202938,0.020109522
No_Exit11,NY,0.010145754,0.000902106
Railway11,NY,0.016666105,0.003890263
Roundabout11,NY,0.002208673,2.31E-05
Station11,NY,0.034889043,0.007720824
Stop11,NY,0.030200467,0.008302285
Traffic_Calming11,NY,0.037165139,0.003720993
Traffic_Signal11,NY,0.060910599,0.035022901
Turning_Loop11,NY,0,0
Sunrise_Sunset11,NY,0.083871304,0.020344481
Temperature.F.12,PA,0.096280963,0.162781256
Humidity...12,PA,0.097620482,0.142224353
Pressure.in.12,PA,0.098445742,0.184634582
Visibility.mi.12,PA,0.074413333,0.053689097
Wind_Direction12,PA,0.057894904,0.102821607
Wind_Speed.mph.12,PA,0.061005105,0.103804902
Precipitation.in.12,PA,0.051004022,0.032735146
Weather_Condition12,PA,0.079967159,0.08631728
Amenity12,PA,0.019048341,0.005636545
Bump12,PA,0.005072331,0.000134645
Crossing12,PA,0.024083626,0.013360796
Give_Way12,PA,0.040540169,0.008410819
Junction12,PA,0.071199534,0.01743192
No_Exit12,PA,0.016576714,0.002255731
Railway12,PA,0.012609858,0.002512809
Roundabout12,PA,0,0
Station12,PA,0.019797596,0.002824851
Stop12,PA,0.035272592,0.009892249
Traffic_Calming12,PA,0.007878559,0.000806922
Traffic_Signal12,PA,0.056669789,0.046999677
Turning_Loop12,PA,0,0
Sunrise_Sunset12,PA,0.074619181,0.020724813
Temperature.F.21,VA,0.08920772,0.148992428
Humidity...21,VA,0.085228339,0.120729222
Pressure.in.21,VA,0.067945212,0.146937485
Visibility.mi.21,VA,0.041343268,0.036611764
Wind_Direction21,VA,0.057253175,0.091205998
Wind_Speed.mph.21,VA,0.05609588,0.10534398
Precipitation.in.21,VA,0.047467333,0.024996527
Weather_Condition21,VA,0.076200177,0.092386847
Amenity21,VA,0.019968252,0.003499771
Bump21,VA,0,0
Crossing21,VA,0.058098118,0.029499807
Give_Way21,VA,0.045408048,0.004928929
Junction21,VA,0.05287033,0.01597755
No_Exit21,VA,0.003916277,0.000523497
Railway21,VA,0.007223864,0.002106492
Roundabout21,VA,0.00590664,0.000147553
Station21,VA,0.04262606,0.008251662
Stop21,VA,0.040634996,0.004643325
Traffic_Calming21,VA,0.007866412,0.000285719
Traffic_Signal21,VA,0.107250422,0.129462257
Turning_Loop21,VA,0,0
Sunrise_Sunset21,VA,0.087489475,0.033469189
Temperature.F.31,IL,0.08937743,0.132616388
Humidity...31,IL,0.093765446,0.125198875
Pressure.in.31,IL,0.108004189,0.188150897
Visibility.mi.31,IL,0.05965754,0.037081942
Wind_Direction31,IL,0.06969118,0.08435212
Wind_Speed.mph.31,IL,0.072426001,0.086743287
Precipitation.in.31,IL,0.043589668,0.020898984
Weather_Condition31,IL,0.051965953,0.070147026
Amenity31,IL,0.024351621,0.005460355
Bump31,IL,0,0
Crossing31,IL,0.03989576,0.015170931
Give_Way31,IL,0.002363205,9.08E-05
Junction31,IL,0.039958193,0.028840559
No_Exit31,IL,0.006371135,0.001025282
Railway31,IL,0.029339508,0.008468844
Roundabout31,IL,0.005458899,0.000130848
Station31,IL,0.033839703,0.012716498
Stop31,IL,0.023787948,0.005556302
Traffic_Calming31,IL,0.002451575,5.68E-05
Traffic_Signal31,IL,0.099714129,0.119189673
Turning_Loop31,IL,0,0
Sunrise_Sunset31,IL,0.103990916,0.05810358
Temperature.F.41,OR,0.084990077,0.162466315
Humidity...41,OR,0.081547389,0.157548726
Pressure.in.41,OR,0.092471086,0.200514012
Visibility.mi.41,OR,0.072214662,0.053824518
Wind_Direction41,OR,0.102501421,0.106008982
Wind_Speed.mph.41,OR,0.071419139,0.1109514
Precipitation.in.41,OR,0.044780105,0.030868826
Weather_Condition41,OR,0.085478212,0.085967274
Amenity41,OR,0.034604594,0.006506557
Bump41,OR,0.004730426,0.000236248
Crossing41,OR,0.05248783,0.012546831
Give_Way41,OR,0.003521255,0.001180095
Junction41,OR,0.036654227,0.013793242
No_Exit41,OR,0.006686956,0.001040075
Railway41,OR,0.029915136,0.008722911
Roundabout41,OR,0.00325145,8.57E-06
Station41,OR,0.046450014,0.011310648
Stop41,OR,0.034144195,0.006298316
Traffic_Calming41,OR,0.006484951,0.000368248
Traffic_Signal41,OR,0.043691907,0.01203346
Turning_Loop41,OR,0,0
Sunrise_Sunset41,OR,0.061974968,0.017804741
Temperature.F.5,GA,0.073134535,0.137389891
Humidity...5,GA,0.069764327,0.125755106
Pressure.in.5,GA,0.08888775,0.16323609
Visibility.mi.5,GA,0.053231799,0.040232874
Wind_Direction5,GA,0.047458027,0.084549205
Wind_Speed.mph.5,GA,0.049727376,0.08894755
Precipitation.in.5,GA,0.034028276,0.023221525
Weather_Condition5,GA,0.090518433,0.096429365
Amenity5,GA,0.051897983,0.007634081
Bump5,GA,0,0
Crossing5,GA,0.091584747,0.058105788
Give_Way5,GA,0.007043374,0.001769301
Junction5,GA,0.051284423,0.018588288
No_Exit5,GA,0.00210911,0.00023317
Railway5,GA,0.005662193,0.003468721
Roundabout5,GA,0.002602098,0.000292221
Station5,GA,0.023358766,0.002840741
Stop5,GA,0.048371257,0.006474126
Traffic_Calming5,GA,0,4.73E-06
Traffic_Signal5,GA,0.140151655,0.120163439
Turning_Loop5,GA,0,0
Sunrise_Sunset5,GA,0.06918387,0.020663784
Temperature.F.6,MI,0.108653948,0.147309452
Humidity...6,MI,0.087685868,0.125755262
Pressure.in.6,MI,0.090801123,0.176813859
Visibility.mi.6,MI,0.081037228,0.049180931
Wind_Direction6,MI,0.080957123,0.08887206
Wind_Speed.mph.6,MI,0.068093649,0.093261885
Precipitation.in.6,MI,0.055397578,0.028126007
Weather_Condition6,MI,0.065084367,0.063192369
Amenity6,MI,0.039530348,0.00855819
Bump6,MI,0,4.49E-05
Crossing6,MI,0.058209264,0.033995187
Give_Way6,MI,0.002416221,5.34E-05
Junction6,MI,0.041783125,0.015779699
No_Exit6,MI,0.001521553,0.000887576
Railway6,MI,0.005972072,0.001229127
Roundabout6,MI,0,0
Station6,MI,0.036099286,0.00821594
Stop6,MI,0.020225904,0.001936715
Traffic_Calming6,MI,0,7.60E-05
Traffic_Signal6,MI,0.090014409,0.135887678
Turning_Loop6,MI,0,0
Sunrise_Sunset6,MI,0.066516935,0.020823771
Temperature.F.7,MN,0.129720414,0.146244458
Humidity...7,MN,0.106505754,0.110050329
Pressure.in.7,MN,0.130277479,0.379423379
Visibility.mi.7,MN,0.072437391,0.032048855
Wind_Direction7,MN,0.073185882,0.073379326
Wind_Speed.mph.7,MN,0.048182758,0.08275546
Precipitation.in.7,MN,0.035328192,0.014832171
Weather_Condition7,MN,0.068398467,0.095927744
Amenity7,MN,0.010114454,0.00045797
Bump7,MN,0,0
Crossing7,MN,0.052161495,0.008267941
Give_Way7,MN,0.021074048,0.001403698
Junction7,MN,0.027765922,0.011470118
No_Exit7,MN,0.00788169,0.00015153
Railway7,MN,0.009749259,0.000772918
Roundabout7,MN,0,1.48E-05
Station7,MN,0.031013507,0.005768601
Stop7,MN,0.040669183,0.003911383
Traffic_Calming7,MN,0,0
Traffic_Signal7,MN,0.066195954,0.009891285
Turning_Loop7,MN,0,0
Sunrise_Sunset7,MN,0.069338152,0.023228055
Temperature.F.8,AZ,0.115557609,0.155394663
Humidity...8,AZ,0.105480209,0.148783835
Pressure.in.8,AZ,0.11292849,0.218964225
Visibility.mi.8,AZ,0.03771024,0.027961152
Wind_Direction8,AZ,0.078795674,0.092469025
Wind_Speed.mph.8,AZ,0.081259782,0.087297449
Precipitation.in.8,AZ,0.019926744,0.006147216
Weather_Condition8,AZ,0.056940926,0.068996668
Amenity8,AZ,0.012444654,0.00336689
Bump8,AZ,0.006090681,0.000344016
Crossing8,AZ,0.074748103,0.075392831
Give_Way8,AZ,0.002570719,0.001634142
Junction8,AZ,0.020062385,0.008249358
No_Exit8,AZ,0.001694648,0.003259607
Railway8,AZ,0.00891698,0.004014098
Roundabout8,AZ,-0.003468457,7.81E-05
Station8,AZ,0.030143572,0.006132787
Stop8,AZ,0.063590417,0.02087959
Traffic_Calming8,AZ,0.006254768,0.000402344
Traffic_Signal8,AZ,0.071157791,0.046177173
Turning_Loop8,AZ,0,0
Sunrise_Sunset8,AZ,0.097194065,0.024054855
Temperature.F.9,TN,0.096756486,0.139399327
Humidity...9,TN,0.102008003,0.118753535
Pressure.in.9,TN,0.110242187,0.196496135
Visibility.mi.9,TN,0.065440874,0.037968027
Wind_Direction9,TN,0.071090279,0.084092233
Wind_Speed.mph.9,TN,0.06845194,0.09086988
Precipitation.in.9,TN,0.067410531,0.033768463
Weather_Condition9,TN,0.071082394,0.066315353
Amenity9,TN,0.023418928,0.010335082
Bump9,TN,0,9.15E-06
Crossing9,TN,0.068963621,0.082349411
Give_Way9,TN,0.00920112,0.000244624
Junction9,TN,0.037783312,0.014311217
No_Exit9,TN,0.020892624,0.002276275
Railway9,TN,0.005787673,0.001207624
Roundabout9,TN,0.002447633,0.000133397
Station9,TN,0.015340086,0.002222511
Stop9,TN,0.017896386,0.003699364
Traffic_Calming9,TN,-0.000657288,0.00222839
Traffic_Signal9,TN,0.074869518,0.091495256
Turning_Loop9,TN,0,0
Sunrise_Sunset9,TN,0.071573693,0.021824748
Temperature.F.10,LA,0.078958302,0.163906968
Humidity...10,LA,0.088631473,0.147949284
Pressure.in.10,LA,0.077092864,0.171746038
Visibility.mi.10,LA,0.073814866,0.051998827
Wind_Direction10,LA,0.090200131,0.115510838
Wind_Speed.mph.10,LA,0.094801794,0.117522475
Precipitation.in.10,LA,0.05278399,0.032047493
Weather_Condition10,LA,0.078964144,0.088936245
Amenity10,LA,0.021566799,0.004575152
Bump10,LA,0,0
Crossing10,LA,0.034225102,0.008866047
Give_Way10,LA,-0.000362611,0.000722694
Junction10,LA,0.068249918,0.031147487
No_Exit10,LA,0.092985171,0.015704743
Railway10,LA,0.031807942,0.006154819
Roundabout10,LA,0.006087945,8.74E-05
Station10,LA,0.032113109,0.005005281
Stop10,LA,-0.001435042,0.000556335
Traffic_Calming10,LA,0,0
Traffic_Signal10,LA,0.027168145,0.014694737
Turning_Loop10,LA,0,0
Sunrise_Sunset10,LA,0.052345957,0.02286716
Temperature.F.13,WA,0.074003136,0.124608124
Humidity...13,WA,0.080630008,0.109811554
Pressure.in.13,WA,0.066990305,0.137570609
Visibility.mi.13,WA,0.048324134,0.04015244
Wind_Direction13,WA,0.053741511,0.073325185
Wind_Speed.mph.13,WA,0.060077752,0.083915432
Precipitation.in.13,WA,0.038744166,0.025891347
Weather_Condition13,WA,0.071641245,0.061212274
Amenity13,WA,0.06426198,0.042214624
Bump13,WA,0.010384587,0.000850061
Crossing13,WA,0.057674008,0.087005586
Give_Way13,WA,0.010921679,0.00211335
Junction13,WA,0.056760584,0.012281426
No_Exit13,WA,0.018666736,0.003283381
Railway13,WA,0.009222967,0.007220889
Roundabout13,WA,0.012146436,0.000542765
Station13,WA,0.047904345,0.027677576
Stop13,WA,0.058519604,0.026700102
Traffic_Calming13,WA,0.023952234,0.00357203
Traffic_Signal13,WA,0.075213002,0.116544151
Turning_Loop13,WA,0,0
Sunrise_Sunset13,WA,0.060219581,0.013507094
Temperature.F.14,OH,0.092148921,0.137123728
Humidity...14,OH,0.107605312,0.1179535
Pressure.in.14,OH,0.087277964,0.157662095
Visibility.mi.14,OH,0.067711117,0.048672184
Wind_Direction14,OH,0.0730903,0.085858056
Wind_Speed.mph.14,OH,0.081861604,0.091006819
Precipitation.in.14,OH,0.059423548,0.028678247
Weather_Condition14,OH,0.060853311,0.060397731
Amenity14,OH,0.027571647,0.009954374
Bump14,OH,0,2.61E-06
Crossing14,OH,0.044007457,0.039270621
Give_Way14,OH,-0.003144637,0.000268492
Junction14,OH,0.05513371,0.014862032
No_Exit14,OH,0.025821691,0.001450326
Railway14,OH,0.007167064,0.002127463
Roundabout14,OH,0,0
Station14,OH,0.02397328,0.01169914
Stop14,OH,0.015357927,0.003278472
Traffic_Calming14,OH,0.004302587,6.29E-05
Traffic_Signal14,OH,0.093333452,0.174481829
Turning_Loop14,OH,0,0
Sunrise_Sunset14,OH,0.076503746,0.01518935
Temperature.F.22,MD,0.086651327,0.15347122
Humidity...22,MD,0.079204934,0.127502578
Pressure.in.22,MD,0.066035058,0.151984559
Visibility.mi.22,MD,0.047378826,0.045758689
Wind_Direction22,MD,0.067482233,0.102878084
Wind_Speed.mph.22,MD,0.051993836,0.114726267
Precipitation.in.22,MD,0.042330295,0.019946624
Weather_Condition22,MD,0.080636876,0.114063418
Amenity22,MD,0.036967971,0.004871078
Bump22,MD,-0.001890522,0.00015531
Crossing22,MD,0.064758597,0.017549632
Give_Way22,MD,0.009295782,0.001285793
Junction22,MD,0.051644865,0.018889917
No_Exit22,MD,-0.004868452,0.000498597
Railway22,MD,0.003178089,0.002062759
Roundabout22,MD,0.00654291,0.000168571
Station22,MD,0.067363648,0.016698141
Stop22,MD,0.030668322,0.004408014
Traffic_Calming22,MD,0.010508746,0.00158079
Traffic_Signal22,MD,0.127955354,0.072955176
Turning_Loop22,MD,0,0
Sunrise_Sunset22,MD,0.076161302,0.028544783
Temperature.F.32,NJ,0.095831796,0.17311682
Humidity...32,NJ,0.105065527,0.154959047
Pressure.in.32,NJ,0.088128563,0.17571233
Visibility.mi.32,NJ,0.070521785,0.053106065
Wind_Direction32,NJ,0.101295612,0.109421787
Wind_Speed.mph.32,NJ,0.077581147,0.114295306
Precipitation.in.32,NJ,0.062557175,0.0374517
Weather_Condition32,NJ,0.085682128,0.083515774
Amenity32,NJ,0.01600147,0.003987903
Bump32,NJ,0,8.23E-06
Crossing32,NJ,0.035188898,0.011665084
Give_Way32,NJ,0.000595006,0.000553611
Junction32,NJ,0.048936042,0.018126589
No_Exit32,NJ,0.011171946,0.000706988
Railway32,NJ,0.009060127,0.002157354
Roundabout32,NJ,0,0
Station32,NJ,0.028282929,0.004712036
Stop32,NJ,0.010920037,0.001340443
Traffic_Calming32,NJ,0,6.13E-06
Traffic_Signal32,NJ,0.081072648,0.035850568
Turning_Loop32,NJ,0,0
Sunrise_Sunset32,NJ,0.072107165,0.019306231
Temperature.F.42,OK,0.130806238,0.15852703
Humidity...42,OK,0.14339186,0.146524066
Pressure.in.42,OK,0.095386974,0.177674048
Visibility.mi.42,OK,0.098452533,0.038203047
Wind_Direction42,OK,0.104133726,0.093320992
Wind_Speed.mph.42,OK,0.098541017,0.112666824
Precipitation.in.42,OK,0.044395025,0.026028332
Weather_Condition42,OK,0.076866495,0.06963734
Amenity42,OK,0.008304136,0.002592859
Bump42,OK,0.009202917,0.000129392
Crossing42,OK,-0.015391871,0.039977844
Give_Way42,OK,0.026110739,0.005240558
Junction42,OK,0.027583672,0.01695578
No_Exit42,OK,-0.011435481,0.000524259
Railway42,OK,0.026219326,0.002042514
Roundabout42,OK,0,0
Station42,OK,-0.006505395,0.001029617
Stop42,OK,0.088349485,0.036899934
Traffic_Calming42,OK,0.006818014,0.000202137
Traffic_Signal42,OK,0.006562851,0.052908882
Turning_Loop42,OK,0,0
Sunrise_Sunset42,OK,0.042207741,0.018914544
Temperature.F.51,UT,0.11849324,0.169234299
Humidity...51,UT,0.118852988,0.138314967
Pressure.in.51,UT,0.142361191,0.291005742
Visibility.mi.51,UT,0.047267645,0.03455916
Wind_Direction51,UT,0.069592017,0.097024125
Wind_Speed.mph.51,UT,0.05533145,0.09989108
Precipitation.in.51,UT,0.056512124,0.019429725
Weather_Condition51,UT,0.068139751,0.078920284
Amenity51,UT,0.009633478,0.002134242
Bump51,UT,0,3.41E-06
Crossing51,UT,0.092849752,0.015684364
Give_Way51,UT,0,6.07E-06
Junction51,UT,0.042233318,0.012559041
No_Exit51,UT,0.005610151,0.000345459
Railway51,UT,0.003473767,0.001748776
Roundabout51,UT,0,0
Station51,UT,0.005827112,0.001816651
Stop51,UT,0.023562705,0.004049338
Traffic_Calming51,UT,0,3.26E-05
Traffic_Signal51,UT,0.058696101,0.01670592
Turning_Loop51,UT,0,0
Sunrise_Sunset51,UT,0.081563212,0.016534798
Temperature.F.61,AL,0.100048462,0.134055324
Humidity...61,AL,0.088476359,0.11537325
Pressure.in.61,AL,0.110577217,0.165508255
Visibility.mi.61,AL,0.06431062,0.04208591
Wind_Direction61,AL,0.06216169,0.085429518
Wind_Speed.mph.61,AL,0.061296533,0.091740798
Precipitation.in.61,AL,0.065424628,0.032948129
Weather_Condition61,AL,0.089433012,0.087544387
Amenity61,AL,0.011316087,0.002208759
Bump61,AL,0,0
Crossing61,AL,0.0111974,0.010531449
Give_Way61,AL,0.008645683,0.002403285
Junction61,AL,0.02694948,0.010832488
No_Exit61,AL,0,4.04E-05
Railway61,AL,0.011039747,0.001181388
Roundabout61,AL,0,0
Station61,AL,0.034918345,0.004727993
Stop61,AL,0.051254291,0.008475131
Traffic_Calming61,AL,0,0
Traffic_Signal61,AL,0.150217536,0.187907841
Turning_Loop61,AL,0,0
Sunrise_Sunset61,AL,0.052732907,0.017005654
Temperature.F.71,CO,0.083154476,0.116101271
Humidity...71,CO,0.066895897,0.109466926
Pressure.in.71,CO,0.085695716,0.148480723
Visibility.mi.71,CO,0.060346352,0.044461677
Wind_Direction71,CO,0.067160608,0.073242106
Wind_Speed.mph.71,CO,0.058981257,0.075839085
Precipitation.in.71,CO,0.028370971,0.007875057
Weather_Condition71,CO,0.053907616,0.051912275
Amenity71,CO,0.023394,0.004967397
Bump71,CO,0.017409,0.00194104
Crossing71,CO,0.092525754,0.128055042
Give_Way71,CO,0.004379972,0.002582665
Junction71,CO,0.039411972,0.012155854
No_Exit71,CO,0.017398415,0.002903014
Railway71,CO,0.012753698,0.002537736
Roundabout71,CO,0,5.56E-05
Station71,CO,0.034333975,0.009030795
Stop71,CO,0.059330029,0.01815386
Traffic_Calming71,CO,0.01763962,0.001765786
Traffic_Signal71,CO,0.114392285,0.171934928
Turning_Loop71,CO,0,0
Sunrise_Sunset71,CO,0.062518386,0.016537121
Temperature.F.81,MA,0.082986589,0.13773415
Humidity...81,MA,0.077801455,0.124273345
Pressure.in.81,MA,0.074978585,0.144090306
Visibility.mi.81,MA,0.058774278,0.042568468
Wind_Direction81,MA,0.071846122,0.088278884
Wind_Speed.mph.81,MA,0.069060907,0.104193588
Precipitation.in.81,MA,0.034365042,0.02866361
Weather_Condition81,MA,0.067342862,0.072733468
Amenity81,MA,0.048393751,0.019672081
Bump81,MA,0.006144252,5.87E-05
Crossing81,MA,0.045334439,0.042464378
Give_Way81,MA,0.005489411,0.001106161
Junction81,MA,0.084988516,0.021620837
No_Exit81,MA,0.007107419,0.00021782
Railway81,MA,0.020823234,0.004761871
Roundabout81,MA,0,0
Station81,MA,0.11398595,0.078593676
Stop81,MA,0.034166325,0.007979326
Traffic_Calming81,MA,-0.003736328,7.98E-05
Traffic_Signal81,MA,0.053598515,0.063926641
Turning_Loop81,MA,0,0
Sunrise_Sunset81,MA,0.046548677,0.016982928
Temperature.F.91,MO,0.100953616,0.167126699
Humidity...91,MO,0.075179246,0.138690772
Pressure.in.91,MO,0.110519796,0.205964953
Visibility.mi.91,MO,0.052817959,0.045699406
Wind_Direction91,MO,0.067105757,0.10344949
Wind_Speed.mph.91,MO,0.061177579,0.10822459
Precipitation.in.91,MO,0.031301219,0.026193566
Weather_Condition91,MO,0.08175034,0.086232382
Amenity91,MO,0.007752091,0.002534352
Bump91,MO,0,5.61E-05
Crossing91,MO,0.027994193,0.006993244
Give_Way91,MO,0.036038728,0.005479051
Junction91,MO,0.133427467,0.042844879
No_Exit91,MO,-0.003963046,0.001414329
Railway91,MO,0.006536278,0.001908359
Roundabout91,MO,0,0
Station91,MO,0.046591652,0.008257134
Stop91,MO,0.014478351,0.002891006
Traffic_Calming91,MO,0.00256409,0.000107199
Traffic_Signal91,MO,0.072832303,0.020254567
Turning_Loop91,MO,0,0
Sunrise_Sunset91,MO,0.074942381,0.025677967
Temperature.F.101,IN,0.097382941,0.138946529
Humidity...101,IN,0.100375212,0.127188264
Pressure.in.101,IN,0.114116195,0.163268005
Visibility.mi.101,IN,0.071824965,0.047335411
Wind_Direction101,IN,0.065779094,0.088669076
Wind_Speed.mph.101,IN,0.070169862,0.089569948
Precipitation.in.101,IN,0.038106647,0.019401515
Weather_Condition101,IN,0.05026454,0.06259234
Amenity101,IN,0.009423559,0.002535667
Bump101,IN,0.006853741,8.24E-05
Crossing101,IN,0.076702692,0.06602844
Give_Way101,IN,0.025814948,0.004537621
Junction101,IN,0.030463271,0.013465433
No_Exit101,IN,-0.00553704,0.00017713
Railway101,IN,0.005027391,0.001246637
Roundabout101,IN,0,0
Station101,IN,0.025636781,0.005049213
Stop101,IN,0.038570379,0.007854766
Traffic_Calming101,IN,0.005266054,0.000344836
Traffic_Signal101,IN,0.109783827,0.139897615
Turning_Loop101,IN,0,0
Sunrise_Sunset101,IN,0.063974943,0.0218092
Temperature.F.15,CT,0.131446249,0.175183774
Humidity...15,CT,0.094678008,0.149049149
Pressure.in.15,CT,0.085888761,0.166942799
Visibility.mi.15,CT,0.064023543,0.04676626
Wind_Direction15,CT,0.073832212,0.107535405
Wind_Speed.mph.15,CT,0.072398116,0.129418538
Precipitation.in.15,CT,0.056166365,0.03064523
Weather_Condition15,CT,0.082798399,0.099068964
Amenity15,CT,0.031353772,0.005074196
Bump15,CT,0,0
Crossing15,CT,0.063833148,0.016929489
Give_Way15,CT,0.032626183,0.002543168
Junction15,CT,0.036037853,0.018573428
No_Exit15,CT,0.005143715,0.000145963
Railway15,CT,0.003918779,0.001040335
Roundabout15,CT,0,0
Station15,CT,-0.002676465,0.000283709
Stop15,CT,0.038791298,0.007237799
Traffic_Calming15,CT,0,0
Traffic_Signal15,CT,0.04026304,0.014286459
Turning_Loop15,CT,0,0
Sunrise_Sunset15,CT,0.089477024,0.029275334
Temperature.F.16,NE,0.149987297,0.138877462
Humidity...16,NE,0.09900583,0.117702196
Pressure.in.16,NE,0.14336361,0.13965022
Visibility.mi.16,NE,0.097505246,0.037632117
Wind_Direction16,NE,0.08754116,0.076056567
Wind_Speed.mph.16,NE,0.078439581,0.083730045
Precipitation.in.16,NE,0.053593717,0.022670518
Weather_Condition16,NE,0.094953461,0.056183503
Amenity16,NE,0.005194472,0.004007002
Bump16,NE,0.015433694,0.000275005
Crossing16,NE,-0.047124841,0.098602094
Give_Way16,NE,0.01704094,0.001294213
Junction16,NE,0.019034672,0.007056772
No_Exit16,NE,0.015907277,0.001156153
Railway16,NE,-0.014262543,0.001714896
Roundabout16,NE,0,0
Station16,NE,-0.022559836,0.004070098
Stop16,NE,0.040165714,0.01358869
Traffic_Calming16,NE,0.019289238,0.000375006
Traffic_Signal16,NE,0.089552927,0.180363962
Turning_Loop16,NE,0,0
Sunrise_Sunset16,NE,0.057938384,0.014993481
Temperature.F.23,KY,0.080401532,0.122621135
Humidity...23,KY,0.067258389,0.111051898
Pressure.in.23,KY,0.116552323,0.184663891
Visibility.mi.23,KY,0.043675068,0.038216189
Wind_Direction23,KY,0.055016025,0.079012795
Wind_Speed.mph.23,KY,0.05913138,0.081629001
Precipitation.in.23,KY,0.043985087,0.03139524
Weather_Condition23,KY,0.050571208,0.068679723
Amenity23,KY,0.02736195,0.006919999
Bump23,KY,-0.002562047,7.15E-05
Crossing23,KY,0.07613732,0.043345884
Give_Way23,KY,0.006087487,0.00025892
Junction23,KY,0.0630104,0.023490692
No_Exit23,KY,0.006972413,0.000195014
Railway23,KY,0.010595828,0.000645307
Roundabout23,KY,0.005187635,0.000100924
Station23,KY,0.076054182,0.031119475
Stop23,KY,0.045095801,0.013914062
Traffic_Calming23,KY,0.002554255,6.87E-05
Traffic_Signal23,KY,0.131122954,0.146559885
Turning_Loop23,KY,0,0
Sunrise_Sunset23,KY,0.035790811,0.016039727
Temperature.F.33,WI,0.096224111,0.163325865
Humidity...33,WI,0.086633974,0.150013409
Pressure.in.33,WI,0.093148086,0.170848154
Visibility.mi.33,WI,0.062422492,0.054359004
Wind_Direction33,WI,0.078925846,0.107582522
Wind_Speed.mph.33,WI,0.069999441,0.11091132
Precipitation.in.33,WI,0.028277354,0.025368652
Weather_Condition33,WI,0.087118109,0.079467469
Amenity33,WI,0.018925404,0.00373379
Bump33,WI,0,2.40E-05
Crossing33,WI,0.088325788,0.043281296
Give_Way33,WI,0.020062091,0.004825907
Junction33,WI,0.062064314,0.020664897
No_Exit33,WI,0.004938251,0.002740184
Railway33,WI,0.011610386,0.002175928
Roundabout33,WI,0,0
Station33,WI,0.011885147,0.00246085
Stop33,WI,0.022394962,0.007098338
Traffic_Calming33,WI,0.000895682,0.000821342
Traffic_Signal33,WI,0.056050764,0.022106474
Turning_Loop33,WI,0,0
Sunrise_Sunset33,WI,0.100097797,0.028190569
Temperature.F.43,IA,0.112650701,0.164828818
Humidity...43,IA,0.07800653,0.12425958
Pressure.in.43,IA,0.092873045,0.187488714
Visibility.mi.43,IA,0.071962496,0.049591302
Wind_Direction43,IA,0.072833108,0.098146874
Wind_Speed.mph.43,IA,0.065997953,0.107835105
Precipitation.in.43,IA,0.044079641,0.020707162
Weather_Condition43,IA,0.066651184,0.07593857
Amenity43,IA,0.025958453,0.003204684
Bump43,IA,0,0
Crossing43,IA,0.075259424,0.027294672
Give_Way43,IA,-0.001464812,0.001496556
Junction43,IA,0.031158479,0.013075166
No_Exit43,IA,-9.41E-06,0.000171221
Railway43,IA,-0.007114961,0.001385539
Roundabout43,IA,0,0
Station43,IA,0.006131482,0.000281847
Stop43,IA,0.033839093,0.006400298
Traffic_Calming43,IA,0,0
Traffic_Signal43,IA,0.142499366,0.073667023
Turning_Loop43,IA,0,0
Sunrise_Sunset43,IA,0.088688226,0.044226868
Temperature.F.52,RI,0.073735892,0.159504054
Humidity...52,RI,0.069383849,0.143322739
Pressure.in.52,RI,0.062488478,0.174596934
Visibility.mi.52,RI,0.037682599,0.049954849
Wind_Direction52,RI,0.06775268,0.110592048
Wind_Speed.mph.52,RI,0.051296422,0.129028347
Precipitation.in.52,RI,0.040955176,0.034205362
Weather_Condition52,RI,0.103930171,0.083815904
Amenity52,RI,0.024026707,0.002182737
Bump52,RI,0,0
Crossing52,RI,0.115710391,0.021710734
Give_Way52,RI,0,0.000323853
Junction52,RI,0.114725311,0.024847948
No_Exit52,RI,0,0
Railway52,RI,0.101954121,0.011864904
Roundabout52,RI,0,0
Station52,RI,0.007765923,0.00042183
Stop52,RI,0.014962633,0.001307795
Traffic_Calming52,RI,0,0
Traffic_Signal52,RI,0.092152811,0.032779859
Turning_Loop52,RI,0,0
Sunrise_Sunset52,RI,0.021476835,0.019540105
Temperature.F.62,NV,0.133852577,0.162822281
Humidity...62,NV,0.103135653,0.152961511
Pressure.in.62,NV,0.12346196,0.219629065
Visibility.mi.62,NV,0.068836965,0.03028834
Wind_Direction62,NV,0.085030857,0.105292935
Wind_Speed.mph.62,NV,0.082297793,0.102935299
Precipitation.in.62,NV,0.042569613,0.018611386
Weather_Condition62,NV,0.124052147,0.099142587
Amenity62,NV,0.007150894,0.001376192
Bump62,NV,0,0
Crossing62,NV,-0.005998488,0.015399238
Give_Way62,NV,-0.005224968,0.000938659
Junction62,NV,0.030695367,0.010678628
No_Exit62,NV,0.006049881,0.000319735
Railway62,NV,-1.03E-05,0.000416234
Roundabout62,NV,0,0
Station62,NV,0.021254698,0.002596369
Stop62,NV,0.065095175,0.013820818
Traffic_Calming62,NV,0,0
Traffic_Signal62,NV,0.055903605,0.040432767
Turning_Loop62,NV,0,0
Sunrise_Sunset62,NV,0.061846535,0.022337955
Temperature.F.72,KS,0.104714975,0.165167878
Humidity...72,KS,0.07484967,0.123201854
Pressure.in.72,KS,0.112336506,0.189419336
Visibility.mi.72,KS,0.06630461,0.055592989
Wind_Direction72,KS,0.062400645,0.096856102
Wind_Speed.mph.72,KS,0.068869535,0.105362249
Precipitation.in.72,KS,0.041207251,0.025975114
Weather_Condition72,KS,0.074369545,0.081261266
Amenity72,KS,0,5.90E-05
Bump72,KS,0,0
Crossing72,KS,0.052518904,0.013877309
Give_Way72,KS,0.032907657,0.002322436
Junction72,KS,0.17627539,0.07743782
No_Exit72,KS,0,3.11E-05
Railway72,KS,-0.012667993,0.001842394
Roundabout72,KS,0,0
Station72,KS,0,0
Stop72,KS,-0.013860418,0.002771692
Traffic_Calming72,KS,0,0
Traffic_Signal72,KS,0.05626715,0.014133498
Turning_Loop72,KS,0,0
Sunrise_Sunset72,KS,0.103506573,0.044687976
Temperature.F.82,NH,0.096775548,0.179551966
Humidity...82,NH,0.128345343,0.159384043
Pressure.in.82,NH,0.031876389,0.181788524
Visibility.mi.82,NH,0.127708714,0.055627463
Wind_Direction82,NH,0.112061681,0.112489981
Wind_Speed.mph.82,NH,0.075724281,0.115561852
Precipitation.in.82,NH,0.042360524,0.040399015
Weather_Condition82,NH,0.095706025,0.08238536
Amenity82,NH,0.005746766,0.00185417
Bump82,NH,0,0
Crossing82,NH,0.02087133,0.008827513
Give_Way82,NH,-0.021045265,0.001351321
Junction82,NH,0.054631836,0.015062013
No_Exit82,NH,0,2.27E-05
Railway82,NH,0.039941926,0.000486448
Roundabout82,NH,0,0
Station82,NH,0.053105055,0.002937462
Stop82,NH,0.044356315,0.007150212
Traffic_Calming82,NH,0,0
Traffic_Signal82,NH,-0.007812911,0.014286198
Turning_Loop82,NH,0,0
Sunrise_Sunset82,NH,0.099646445,0.020833732
Temperature.F.92,MS,0.101820859,0.14178809
Humidity...92,MS,0.081897475,0.117724337
Pressure.in.92,MS,0.107651961,0.141521572
Visibility.mi.92,MS,0.038865695,0.041101152
Wind_Direction92,MS,0.049907377,0.087210432
Wind_Speed.mph.92,MS,0.068242019,0.10014138
Precipitation.in.92,MS,0.047040293,0.032423991
Weather_Condition92,MS,0.070265497,0.076726589
Amenity92,MS,-0.006429455,0.000523483
Bump92,MS,0,0
Crossing92,MS,0.040723483,0.021684822
Give_Way92,MS,0.029995774,0.009695487
Junction92,MS,0.101159377,0.032372472
No_Exit92,MS,0,0
Railway92,MS,0,0
Roundabout92,MS,0,0
Station92,MS,0.017312273,0.002023187
Stop92,MS,0.031240737,0.008136926
Traffic_Calming92,MS,0,0
Traffic_Signal92,MS,0.148426766,0.155135354
Turning_Loop92,MS,0,0
Sunrise_Sunset92,MS,0.071879867,0.031790726
Temperature.F.102,DE,0.09492139,0.166876449
Humidity...102,DE,0.10651235,0.153763226
Pressure.in.102,DE,0.103035044,0.157722234
Visibility.mi.102,DE,0.061889923,0.045118159
Wind_Direction102,DE,0.085360534,0.112661447
Wind_Speed.mph.102,DE,0.086405048,0.128970585
Precipitation.in.102,DE,0.059345981,0.028672285
Weather_Condition102,DE,0.078248743,0.082716381
Amenity102,DE,-0.000718332,0.001210371
Bump102,DE,0,8.27E-05
Crossing102,DE,0.034235004,0.013054301
Give_Way102,DE,0.007406053,0.000353638
Junction102,DE,0.045245222,0.022891455
No_Exit102,DE,0.032566403,0.003321759
Railway102,DE,0.05410717,0.01427324
Roundabout102,DE,0,0
Station102,DE,-6.85E-05,0.00198056
Stop102,DE,0.021584253,0.005880323
Traffic_Calming102,DE,-0.004472255,6.08E-05
Traffic_Signal102,DE,0.054118311,0.030184986
Turning_Loop102,DE,0,0
Sunrise_Sunset102,DE,0.080277672,0.030205169
Temperature.F.17,DC,0.101948981,0.16239349
Humidity...17,DC,0.098408833,0.156587989
Pressure.in.17,DC,0.09418142,0.154582848
Visibility.mi.17,DC,0.032972595,0.028868892
Wind_Direction17,DC,0.074929884,0.112682073
Wind_Speed.mph.17,DC,0.089169955,0.125160068
Precipitation.in.17,DC,0.033532726,0.014155869
Weather_Condition17,DC,0.09381623,0.098474174
Amenity17,DC,0.051933831,0.019743376
Bump17,DC,0,0
Crossing17,DC,0.052874771,0.020130602
Give_Way17,DC,0.005582309,0.001150306
Junction17,DC,0.045472303,0.018447845
No_Exit17,DC,0,0
Railway17,DC,0.023672318,0.006419273
Roundabout17,DC,0,0
Station17,DC,0.032215878,0.010277715
Stop17,DC,0.037592028,0.008426901
Traffic_Calming17,DC,0,0
Traffic_Signal17,DC,0.078427838,0.035819987
Turning_Loop17,DC,0,0
Sunrise_Sunset17,DC,0.053268099,0.026678592
Temperature.F.18,NM,0.099310024,0.134061047
Humidity...18,NM,0.069152635,0.11564337
Pressure.in.18,NM,0.085893543,0.139491217
Visibility.mi.18,NM,0.031675707,0.014488079
Wind_Direction18,NM,0.055555636,0.08174126
Wind_Speed.mph.18,NM,0.047645743,0.087774836
Precipitation.in.18,NM,0.034452341,0.011269976
Weather_Condition18,NM,0.096233127,0.070610539
Amenity18,NM,0.021517038,0.006576337
Bump18,NM,0.011822416,0.000753065
Crossing18,NM,0.040859648,0.018661689
Give_Way18,NM,0.006266219,0.000384999
Junction18,NM,0.031171945,0.014982773
No_Exit18,NM,0,0
Railway18,NM,-0.002141415,0.000929653
Roundabout18,NM,0,0.000163292
Station18,NM,0.018585571,0.003198564
Stop18,NM,0.085791312,0.011978676
Traffic_Calming18,NM,0.016139629,0.000597063
Traffic_Signal18,NM,0.184236953,0.265293394
Turning_Loop18,NM,0,0
Sunrise_Sunset18,NM,0.065831926,0.021400171
Temperature.F.24,AR,0.138924942,0.175205795
Humidity...24,AR,0.113733013,0.13836599
Pressure.in.24,AR,0.125282021,0.175534414
Visibility.mi.24,AR,0.076961538,0.049000166
Wind_Direction24,AR,0.094679321,0.114948448
Wind_Speed.mph.24,AR,0.072073657,0.10964173
Precipitation.in.24,AR,0.061104983,0.031605144
Weather_Condition24,AR,0.124006556,0.128231481
Amenity24,AR,-0.001353465,0.003758906
Bump24,AR,0,0
Crossing24,AR,0.031492597,0.010908343
Give_Way24,AR,0.006143382,3.14E-05
Junction24,AR,0.026454316,0.021327313
No_Exit24,AR,0,0
Railway24,AR,0.006683379,0.002662587
Roundabout24,AR,0,0
Station24,AR,0,9.89E-05
Stop24,AR,0.005645596,0.001595687
Traffic_Calming24,AR,0,0
Traffic_Signal24,AR,0.014347186,0.005097484
Turning_Loop24,AR,0,0
Sunrise_Sunset24,AR,0.103820978,0.031986196
Temperature.F.34,ID,0.125452995,0.177369307
Humidity...34,ID,0.125401818,0.149760108
Pressure.in.34,ID,0.143717292,0.223285916
Visibility.mi.34,ID,0.076115424,0.046714331
Wind_Direction34,ID,0.101681807,0.105398247
Wind_Speed.mph.34,ID,0.105854499,0.127622758
Precipitation.in.34,ID,0.043216327,0.020360041
Weather_Condition34,ID,0.099544436,0.082510453
Amenity34,ID,6.82E-05,4.22E-05
Bump34,ID,0,0
Crossing34,ID,0.058763054,0.00970231
Give_Way34,ID,0,1.45E-05
Junction34,ID,-0.000622374,0.015528187
No_Exit34,ID,-2.94E-05,0.000123139
Railway34,ID,-0.005599502,0.003176715
Roundabout34,ID,0,0
Station34,ID,0.002197906,0.000176545
Stop34,ID,0.017572756,0.001667798
Traffic_Calming34,ID,0,0
Traffic_Signal34,ID,0.027117079,0.007927932
Turning_Loop34,ID,0,0
Sunrise_Sunset34,ID,0.079547718,0.028619545
Temperature.F.44,WV,0.156788851,0.16435916
Humidity...44,WV,0.106553169,0.140602983
Pressure.in.44,WV,0.125835914,0.219435357
Visibility.mi.44,WV,0.087540601,0.060123476
Wind_Direction44,WV,0.099136555,0.101370001
Wind_Speed.mph.44,WV,0.090811561,0.105427125
Precipitation.in.44,WV,0.07144069,0.042556157
Weather_Condition44,WV,0.099336148,0.081358717
Amenity44,WV,-0.004517745,0.000156973
Bump44,WV,0,0
Crossing44,WV,0.01199736,0.005553515
Give_Way44,WV,0,0.000167357
Junction44,WV,0.027946921,0.023078337
No_Exit44,WV,-0.018840644,0.000662851
Railway44,WV,0.004365404,0.003314924
Roundabout44,WV,0,0
Station44,WV,0,0
Stop44,WV,-0.00828839,0.001054171
Traffic_Calming44,WV,0,0
Traffic_Signal44,WV,0.002997168,0.008591212
Turning_Loop44,WV,0,0
Sunrise_Sunset44,WV,0.146896438,0.042187684
Temperature.F.53,MT,0.137959817,0.147562473
Humidity...53,MT,0.11438095,0.106933479
Pressure.in.53,MT,0.16817803,0.346443127
Visibility.mi.53,MT,0.087549661,0.059576822
Wind_Direction53,MT,0.092813001,0.07803548
Wind_Speed.mph.53,MT,0.088094919,0.082102579
Precipitation.in.53,MT,0.052526048,0.013806441
Weather_Condition53,MT,0.099224094,0.108814047
Amenity53,MT,0,9.41E-05
Bump53,MT,0,0
Crossing53,MT,0.010204561,0.000583525
Give_Way53,MT,0,0
Junction53,MT,0.041558017,0.019161048
No_Exit53,MT,0,0
Railway53,MT,-0.013039373,0.000280484
Roundabout53,MT,0,0
Station53,MT,-0.009583767,3.29E-06
Stop53,MT,0.009583767,0.000162687
Traffic_Calming53,MT,0,0
Traffic_Signal53,MT,0.009881003,0.003380077
Turning_Loop53,MT,0,0
Sunrise_Sunset53,MT,0.110669272,0.033060315
Temperature.F.63,ME,0.106975587,0.178518951
Humidity...63,ME,0.168150705,0.152125323
Pressure.in.63,ME,0.137859131,0.181102039
Visibility.mi.63,ME,0.132749675,0.058310347
Wind_Direction63,ME,0.142260233,0.122008881
Wind_Speed.mph.63,ME,0.067225884,0.123093418
Precipitation.in.63,ME,0.099956524,0.041563779
Weather_Condition63,ME,0.100188992,0.084939958
Amenity63,ME,-0.015188606,0.000268894
Bump63,ME,0,0
Crossing63,ME,-0.021588414,0.000308559
Give_Way63,ME,6.42E-05,0.006429708
Junction63,ME,0.022515436,0.017761062
No_Exit63,ME,0,0
Railway63,ME,0,0
Roundabout63,ME,0,0
Station63,ME,0,8.32E-06
Stop63,ME,0.015188606,6.30E-05
Traffic_Calming63,ME,0,0
Traffic_Signal63,ME,0.002080526,0.01135831
Turning_Loop63,ME,0,0
Sunrise_Sunset63,ME,0.041561525,0.022139412
Temperature.F.73,VT,0.164872923,0.179731306
Humidity...73,VT,0.296958011,0.166919014
Pressure.in.73,VT,0.110610693,0.167640134
Visibility.mi.73,VT,0.107412035,0.057417493
Wind_Direction73,VT,0.160535329,0.116940437
Wind_Speed.mph.73,VT,0.030397734,0.116057732
Precipitation.in.73,VT,0.018906906,0.045184594
Weather_Condition73,VT,0.254540421,0.088508746
Amenity73,VT,0.003237408,0.000681166
Bump73,VT,0,0
Crossing73,VT,-0.06764425,0.001995821
Give_Way73,VT,0,0
Junction73,VT,-0.077113382,0.015505765
No_Exit73,VT,0,0
Railway73,VT,0,0
Roundabout73,VT,0,0
Station73,VT,-0.194440113,0.001441156
Stop73,VT,0.100859006,0.008130119
Traffic_Calming73,VT,0,0
Traffic_Signal73,VT,0.028878694,0.005221398
Turning_Loop73,VT,0,0
Sunrise_Sunset73,VT,0.061988585,0.028625118
Temperature.F.83,WY,0.135343227,0.173956069
Humidity...83,WY,0.154772586,0.164827859
Pressure.in.83,WY,0.088555863,0.151178405
Visibility.mi.83,WY,0.099520611,0.064926649
Wind_Direction83,WY,0.11553148,0.122499175
Wind_Speed.mph.83,WY,0.098017374,0.136438789
Precipitation.in.83,WY,0.001742656,0.011797934
Weather_Condition83,WY,0.130740644,0.096725303
Amenity83,WY,0,0
Bump83,WY,0,0
Crossing83,WY,0.032800206,0.004193529
Give_Way83,WY,0,0
Junction83,WY,-0.004847913,0.017243853
No_Exit83,WY,0,0
Railway83,WY,0,0.000884954
Roundabout83,WY,0,0
Station83,WY,0,0
Stop83,WY,0,0.001350847
Traffic_Calming83,WY,0,0
Traffic_Signal83,WY,0.004702445,0.006429483
Turning_Loop83,WY,0,0
Sunrise_Sunset83,WY,0.143120821,0.047547151
Temperature.F.93,ND,0.181568841,0.25743741
Humidity...93,ND,0.130740281,0.156452763
Pressure.in.93,ND,0.162369844,0.216754108
Visibility.mi.93,ND,0.105903614,0.056540673
Wind_Direction93,ND,0.114302436,0.075216435
Wind_Speed.mph.93,ND,0.080522802,0.119271206
Precipitation.in.93,ND,0.01042357,0.006991449
Weather_Condition93,ND,0.110766939,0.083215333
Amenity93,ND,0,0
Bump93,ND,0,0
Crossing93,ND,0,2.31E-05
Give_Way93,ND,0,0
Junction93,ND,0.038562542,0.007515479
No_Exit93,ND,0,0
Railway93,ND,0,3.85E-05
Roundabout93,ND,0,0
Station93,ND,0,0
Stop93,ND,0,0.001071838
Traffic_Calming93,ND,0,0
Traffic_Signal93,ND,0,0.000878871
Turning_Loop93,ND,0,0
Sunrise_Sunset93,ND,0.064839131,0.01859282
Temperature.F.103,SD,0.206210204,0.25400654
Humidity...103,SD,0.09713509,0.105691676
Pressure.in.103,SD,0.187271577,0.267833441
Visibility.mi.103,SD,0.107846371,0.056012663
Wind_Direction103,SD,0.037028816,0.05953224
Wind_Speed.mph.103,SD,0.110962151,0.09178864
Precipitation.in.103,SD,0.043016145,0.015246978
Weather_Condition103,SD,0.095912627,0.090854064
Amenity103,SD,0,0.000141369
Bump103,SD,0,0
Crossing103,SD,0.001314083,0.002368324
Give_Way103,SD,0,0
Junction103,SD,0.025395821,0.011676904
No_Exit103,SD,0,0
Railway103,SD,0,0.000131408
Roundabout103,SD,0,0
Station103,SD,0,0
Stop103,SD,0,4.69E-05
Traffic_Calming103,SD,0,0
Traffic_Signal103,SD,0.015613498,0.016498023
Turning_Loop103,SD,0,0
Sunrise_Sunset103,SD,0.072293618,0.028170796
